
{
    "region" : "ap-south-1",
    "profile" : "fhir_dev",
    "s3-bucket" : "fhirapilatest",
    "template"  : "serverless.template",
    "stack-name" : "FHIRLatest",
    "configuration" : "Release",
    "framework"     : "net8.0",
    "function-runtime" : "dotnet8",
    "function-memory-size" : 512,
    "function-timeout"     : 300,
    "function-handler"     : "FHIRServices.API::FHIRServices.API.LambdaEntryPoint::FunctionHandlerAsync",
    "package-type"         : "Zip",
    "function-name"        : "fhirservices-api",
    "function-role"        : "arn:aws:iam::339712983532:user/fhir_default_user"
}